Workbook

Sheet Tablero Kanban
A1: TABLERO KANBAN — PLANIFICACIÓN Y SEGUIMIENTO DE TAREAS
A2: Total de tarjetas: 30 | Módulos: M1 a M5 + Integración | Estado editable mediante lista desplegable
A3: ID | B3: Tarjeta | C3: Responsable | D3: Módulo | E3: Requisito | F3: Estado | G3: Fecha límite | H3: Criterio de aceptación
A4: K-05 | B4: Actualizar tedious a ≥ 20.3.6 (vulnerabilidad moderada en sprintf-js) cuando la versión tenga ≥ 2 semanas publicada | C4: Gabriel Toyom | D4: M1 Plataforma | F4: Backlog | G4: 46321
A5: K-01 | B5: Crear el repositorio en GitHub, proteger main (PR + 1 aprobación + CI) y configurar CODEOWNERS con los usuarios reales | C5: Gabriel Toyom | D5: M1 Plataforma | E5: — | F5: Completado | G5: 46307 | H5: Nadie puede hacer push directo a main; los 5 integrantes tienen acceso
A6: K-02 | B6: Levantar el entorno completo con docker compose up y documentar requisitos (RAM, puertos) | C6: Gabriel Toyom | D6: M1 Plataforma | E6: — | F6: En progreso | G6: 46308 | H6: Los 8 contenedores quedan healthy o exited (0) (db-init) en la máquina de cada integrante
A7: K-03 | B7: Revisar y defender la librería compartida: contrato de eventos, topología (quorum, DLX, delivery-limit) y cliente AMQP | C7: Gabriel Toyom | D7: M1 Plataforma | E7: RNF-01 | F7: Por hacer | G7: 46309 | H7: Explica en 3 min por qué ack manual + quorum + DLX garantizan at-least-once
A8: K-04 | B8: Pipeline CI en verde (lint, pruebas, npm audit, validación de compose) | C8: Gabriel Toyom | D8: M1 Plataforma | E8: — | F8: Por hacer | G8: 46309 | H8: Un PR con una prueba rota queda bloqueado
A9: K-06 | B9: Guion del dry-run, reparto de quién habla y cronómetro (7–8 min) | C9: Gabriel Toyom | D9: M1 Plataforma | E9: — | F9: Por hacer | G9: 46315 | H9: DEMO.md ensayado 2 veces dentro del tiempo
A10: K-07 | B10: Alinear la documentación del Hito 1 con el prototipo (Node 24, RabbitMQ 4.1, criterio de RF-04 en modo demo, idempotencia de Notificaciones en volumen) | C10: Gabriel Toyom | D10: M1 Plataforma | E10: — | F10: Por hacer | G10: 46311 | H10: Documento del Hito 1 y código coinciden
A11: K-08 | B11: Revisar y defender el código base de la API de Citas (app, dominio, repositorios) | C11: Sophia Corea | D11: M2 API de Citas | E11: RF-01 | F11: Por hacer | G11: 46308 | H11: Explica el flujo de POST /api/citas línea por línea
A12: K-09 | B12: Script de CitasDB: tablas, UQ_citas_medico_fecha, outbox, datos semilla y login de mínimo privilegio | C12: Sophia Corea | D12: M2 API de Citas | E12: RF-01 | F12: Por hacer | G12: 46309 | H12: db-init termina con código 0 y citas_app no puede borrar (sin DELETE)
A13: K-10 | B13: GET /api/medicos y GET /api/medicos/:id/horarios contra SQL Server | C13: Sophia Corea | D13: M2 API de Citas | E13: RF-01 | F13: Por hacer | G13: 46310 | H13: Los horarios ocupados y pasados no aparecen
A14: K-11 | B14: POST /api/citas: transacción cita + outbox; respuestas 201, 400 y 409 | C14: Sophia Corea | D14: M2 API de Citas | E14: RF-01, RF-02 | F14: Por hacer | G14: 46311 | H14: Cada cita creada deja exactamente una fila en outbox
A15: K-12 | B15: Prueba de concurrencia contra la BD real: 10 solicitudes simultáneas al mismo horario | C15: Sophia Corea | D15: M2 API de Citas | E15: RF-01 | F15: Por hacer | G15: 46312 | H15: Resultado: 1 × 201 y 9 × 409
A16: K-13 | B16: Revisar y defender el código base del portal y del relay del outbox | C16: Javier Monje | D16: M3 Portal + Relay | E16: RF-02 | F16: Por hacer | G16: 46308 | H16: Explica por qué el relay usa UPDLOCK, READPAST y publisher confirms
... A33: K-30 | B33: Dry-run del Hito 2 | C33: Todo el equipo | D33: Integración | E33: Todos | F33: Por hacer | G33: 46316 | H33: Demo presentada y retroalimentación anotada como tarjetas nuevas

Sheet Resumen y Métricas
A1: RESUMEN EJECUTIVO — DISTRIBUCIÓN DE CARGA Y MÓDULOS
A3: Responsable | B3: Módulo Principal | C3: Total Tareas | D3: % de Carga
A4: Gabriel Toyom | B4: M1 Plataforma | C4: =COUNTIF('Tablero Kanban'!$C$4:$C$33, A4) -> 7 | D4: =C4/$C$10 -> 0.23333333
A5: Sophia Corea | B5: M2 API de Citas | C5: =COUNTIF('Tablero Kanban'!$C$4:$C$33, A5) -> 5 | D5: =C5/$C$10 -> 0.16666667
A6: Javier Monje | B6: M3 Portal + Relay | C6: =COUNTIF('Tablero Kanban'!$C$4:$C$33, A6) -> 5 | D6: =C6/$C$10 -> 0.16666667
A7: Ruddy Cuyán | B7: M4 Notificaciones | C7: =COUNTIF('Tablero Kanban'!$C$4:$C$33, A7) -> 5 | D7: =C7/$C$10 -> 0.16666667
A8: Nery Herrera | B8: M5 Recordatorios | C8: =COUNTIF('Tablero Kanban'!$C$4:$C$33, A8) -> 5 | D8: =C8/$C$10 -> 0.16666667
A9: Todo el equipo | B9: Integración | C9: =COUNTIF('Tablero Kanban'!$C$4:$C$33, A9) -> 3 | D9: =C9/$C$10 -> 0.1
A10: Total General | B10: — | C10: =SUM(C4:C9) -> 30 | D10: =SUM(D4:D9) -> 1
A12: Estado | B12: Cantidad | C12: % Avance
A13: Backlog | B13: =COUNTIF('Tablero Kanban'!$F$4:$F$33, A13) -> 1 | C13: =B13/$B$18 -> 0.033333333
A14: Por hacer | B14: =COUNTIF('Tablero Kanban'!$F$4:$F$33, A14) -> 27 | C14: =B14/$B$18 -> 0.9
A15: En progreso | B15: =COUNTIF('Tablero Kanban'!$F$4:$F$33, A15) -> 1 | C15: =B15/$B$18 -> 0.033333333
A16: En revisión | B16: =COUNTIF('Tablero Kanban'!$F$4:$F$33, A16) -> 0 | C16: =B16/$B$18 -> 0
A17: Completado | B17: =COUNTIF('Tablero Kanban'!$F$4:$F$33, A17) -> 1 | C17: =B17/$B$18 -> 0.033333333
A18: Total | B18: =SUM(B13:B17) -> 30 | C18: =SUM(C13:C17) -> 1
